fips,date,county,acute_occupied,acute_staffed,covid_confirmed,covid_icu,covid_suspected,covid_ventilator,icu_occupied,icu_staffed,ventilators,ventilators_occupied
32001,2020-04-05,Churchill County,13,25,0,0,0,0,2,2,4,0
32001,2020-04-06,Churchill County,15,25,0,0,0,0,2,4,4,0
32001,2020-04-07,Churchill County,18,25,0,0,0,0,2,4,4,0
32001,2020-04-08,Churchill County,19,25,0,0,0,0,0,4,4,0
32001,2020-04-09,Churchill County,20,25,0,0,0,0,0,2,4,0
32001,2020-04-10,Churchill County,19,25,0,0,0,0,0,2,4,0
32001,2020-04-11,Churchill County,15,25,0,1,0,0,1,2,4,0
32001,2020-04-12,Churchill County,13,25,0,0,0,0,2,2,4,0
32001,2020-04-13,Churchill County,12,25,0,0,0,0,2,4,4,0
32001,2020-04-14,Churchill County,12,25,0,0,0,0,1,2,4,0
32001,2020-04-15,Churchill County,12,25,0,0,0,0,1,4,4,0
32001,2020-04-16,Churchill County,14,25,0,0,0,0,1,4,4,0
32001,2020-04-17,Churchill County,9,25,0,0,0,0,2,4,4,0
32001,2020-04-18,Churchill County,11,25,0,0,0,0,2,4,4,0
32001,2020-04-19,Churchill County,10,25,0,0,0,0,1,2,4,0
32001,2020-04-20,Churchill County,14,25,0,0,0,0,1,2,4,0
32001,2020-04-21,Churchill County,13,25,0,0,0,0,2,4,4,0
32001,2020-04-22,Churchill County,10,25,0,0,1,0,1,4,4,0
32001,2020-04-23,Churchill County,0,0,0,0,0,0,0,0,0,0
32001,2020-04-24,Churchill County,12,25,0,0,1,0,2,4,4,0
32001,2020-04-25,Churchill County,0,0,0,0,0,0,0,0,0,0
32001,2020-04-26,Churchill County,0,0,0,0,0,0,0,0,0,0
32001,2020-04-27,Churchill County,10,25,0,0,4,0,2,2,4,0
32001,2020-04-28,Churchill County,19,25,1,3,6,0,4,6,4,0
32001,2020-04-29,Churchill County,20,25,1,2,1,0,3,4,4,0
32001,2020-04-30,Churchill County,16,25,1,1,1,0,3,4,4,0
32001,2020-05-03,Churchill County,15,25,0,0,1,0,1,2,4,0
32001,2020-05-04,Churchill County,12,25,0,0,2,0,1,4,4,0
32001,2020-05-05,Churchill County,10,25,0,0,1,0,1,2,4,0
32001,2020-05-06,Churchill County,12,25,0,0,3,0,1,2,4,0
32001,2020-05-07,Churchill County,14,25,0,0,0,0,2,4,4,0
32001,2020-05-10,Churchill County,18,25,0,1,4,0,3,4,4,0
32001,2020-05-12,Churchill County,13,25,0,2,3,1,2,4,4,1
32001,2020-05-13,Churchill County,10,25,0,1,2,0,2,4,4,1
32001,2020-05-18,Churchill County,16,25,0,0,1,0,4,4,4,1
32001,2020-05-20,Churchill County,16,25,0,0,0,0,4,4,4,1
32001,2020-05-21,Churchill County,16,25,0,0,1,0,2,4,4,0
32001,2020-05-25,Churchill County,12,25,0,0,2,0,1,4,4,0
32001,2020-05-26,Churchill County,13,25,0,0,1,0,1,4,4,0
32001,2020-05-27,Churchill County,14,25,0,0,1,0,1,4,4,0
32001,2020-05-28,Churchill County,12,25,0,0,1,0,2,4,4,0
32001,2020-06-10,Churchill County,15,25,0,0,2,0,2,4,4,0
32001,2020-06-11,Churchill County,19,25,0,2,2,0,2,4,4,0
32001,2020-06-14,Churchill County,12,25,0,0,1,0,0,2,4,0
32001,2020-06-17,Churchill County,14,25,0,0,0,0,2,4,4,0
32001,2020-06-18,Churchill County,17,25,0,0,1,0,4,4,4,1
32001,2020-06-21,Churchill County,17,25,0,0,0,0,4,4,4,0
32001,2020-06-22,Churchill County,16,25,0,0,1,0,4,4,4,0
32001,2020-06-23,Churchill County,18,25,0,0,1,0,4,4,4,0
32001,2020-06-24,Churchill County,,,,,,,,,,
32001,2020-06-25,Churchill County,15,25,0,0,0,0,1,4,4,0
32001,2020-06-28,Churchill County,0,0,0,0,0,0,0,0,0,0
32001,2020-06-29,Churchill County,14,25,0,0,0,0,0,2,4,0
32001,2020-06-30,Churchill County,9,25,0,0,1,0,0,4,4,0
32003,2020-04-05,Clark County,3048,4784,0,166,12,55,476,593,694,383
32003,2020-04-06,Clark County,3288,5094,0,188,31,148,486,621,751,426
32003,2020-04-07,Clark County,3619,5520,0,213,43,161,509,650,795,454
32003,2020-04-08,Clark County,3658,5648,0,201,51,159,526,665,817,440
32003,2020-04-09,Clark County,3481,5405,0,176,43,126,505,651,783,409
32003,2020-04-10,Clark County,3537,5459,0,173,43,141,509,650,812,398
32003,2020-04-11,Clark County,3148,4956,0,170,43,121,472,608,753,380
32003,2020-04-12,Clark County,2481,3895,0,150,43,102,372,477,628,309
32003,2020-04-13,Clark County,3319,5235,0,153,43,110,472,606,748,350
32003,2020-04-14,Clark County,3559,5534,329,178,244,131,519,655,797,386
32003,2020-04-15,Clark County,3500,5539,327,156,228,126,502,651,797,384
32003,2020-04-16,Clark County,3601,5599,322,160,213,121,506,653,798,370
32003,2020-04-17,Clark County,3624,5599,333,153,196,116,518,655,794,367
32003,2020-04-18,Clark County,3428,5264,318,158,206,116,475,633,751,333
32003,2020-04-19,Clark County,3578,5551,323,148,208,111,491,648,787,344
32003,2020-04-20,Clark County,3608,5472,333,161,204,104,488,635,756,317
32003,2020-04-21,Clark County,3713,5592,335,167,216,118,509,642,804,356
32003,2020-04-22,Clark County,3748,5474,324,152,200,113,515,647,804,336
32003,2020-04-23,Clark County,3847,5740,327,146,176,96,512,635,803,335
32003,2020-04-24,Clark County,3784,5741,320,134,171,96,475,628,803,315
32003,2020-04-25,Clark County,3547,5406,326,138,185,96,471,620,761,282
32003,2020-04-26,Clark County,3584,5494,312,118,124,91,477,636,805,320
32003,2020-04-27,Clark County,3757,5841,295,133,163,96,476,631,799,323
32003,2020-04-28,Clark County,3849,5743,296,136,172,94,483,636,800,328
32003,2020-04-29,Clark County,3854,5662,290,141,203,98,485,619,763,306
32003,2020-04-30,Clark County,3986,5841,290,123,164,91,491,638,796,325
32003,2020-05-03,Clark County,3821,5741,283,109,115,76,473,624,792,307
32003,2020-05-04,Clark County,3819,5741,267,108,148,74,476,630,799,310
32003,2020-05-05,Clark County,3995,5907,293,107,160,60,468,630,805,305
32003,2020-05-06,Clark County,3960,5741,240,96,137,62,460,630,801,306
32003,2020-05-07,Clark County,3938,5741,257,91,125,75,485,783,801,285
32003,2020-05-10,Clark County,3698,5662,236,93,170,50,462,601,732,268
32003,2020-05-12,Clark County,4065,5766,235,99,188,69,530,631,804,303
32003,2020-05-13,Clark County,4099,5756,244,93,170,61,471,633,793,288
32003,2020-05-18,Clark County,4034,5896,219,91,167,59,489,651,799,296
32003,2020-05-20,Clark County,3973,5730,201,65,136,46,502,659,800,268
32003,2020-05-21,Clark County,3882,5668,202,65,135,44,503,653,796,265
32003,2020-05-25,Clark County,3836,5780,172,79,159,43,469,647,806,260
32003,2020-05-26,Clark County,3795,5686,181,92,200,46,474,650,800,261
32003,2020-05-27,Clark County,4115,5791,179,99,200,52,490,638,761,249
32003,2020-05-28,Clark County,4044,5730,175,67,155,40,486,656,803,276
32003,2020-06-10,Clark County,4131,5757,173,61,95,34,495,645,817,275
32003,2020-06-11,Clark County,3922,5434,157,56,92,31,499,586,760,278
32003,2020-06-14,Clark County,3990,5590,166,67,109,32,467,593,750,266
32003,2020-06-17,Clark County,4256,5722,193,78,122,50,510,635,793,283
32003,2020-06-18,Clark County,4453,5949,211,79,119,45,519,660,821,291
32003,2020-06-21,Clark County,4308,6017,221,96,141,45,531,667,806,261
32003,2020-06-22,Clark County,4407,6096,237,96,134,46,537,683,845,289
32003,2020-06-23,Clark County,4493,5904,243,85,150,50,555,664,818,293
32003,2020-06-24,Clark County,,,,,,,,,,
32003,2020-06-25,Clark County,4088,5294,254,80,127,52,490,585,706,263
32003,2020-06-28,Clark County,4475,5927,343,111,180,62,550,672,802,308
32003,2020-06-29,Clark County,4246,5522,343,108,171,59,534,631,735,280
32003,2020-06-30,Clark County,4143,5402,374,105,147,65,501,602,741,302
32005,2020-04-05,Douglas County,6,23,0,1,0,0,1,4,4,0
32005,2020-04-06,Douglas County,6,23,0,0,0,0,0,0,6,0
32005,2020-04-07,Douglas County,8,23,0,1,0,0,1,1,6,0
32005,2020-04-08,Douglas County,0,0,0,0,0,0,0,0,0,0
32005,2020-04-09,Douglas County,5,23,0,0,0,0,0,4,4,0
32005,2020-04-10,Douglas County,6,23,0,0,0,0,0,4,4,0
32005,2020-04-11,Douglas County,6,23,0,0,0,0,0,4,4,0
32005,2020-04-12,Douglas County,6,23,0,0,0,0,0,4,4,0
32005,2020-04-13,Douglas County,12,23,0,0,0,0,0,0,0,0
32005,2020-04-14,Douglas County,11,23,0,0,1,0,2,4,4,1
32005,2020-04-15,Douglas County,9,19,0,0,1,0,2,4,4,0
32005,2020-04-16,Douglas County,11,19,0,0,2,0,2,4,4,0
32005,2020-04-17,Douglas County,11,19,0,0,1,0,2,4,4,0
32005,2020-04-18,Douglas County,11,19,0,0,1,0,2,4,4,0
32005,2020-04-19,Douglas County,8,19,0,0,1,0,2,4,4,0
32005,2020-04-20,Douglas County,8,19,0,0,1,0,2,4,4,2
32005,2020-04-21,Douglas County,8,19,0,0,0,0,1,4,4,0
32005,2020-04-22,Douglas County,9,19,0,0,1,0,2,4,4,0
32005,2020-04-23,Douglas County,8,19,0,0,1,0,1,4,4,0
32005,2020-04-24,Douglas County,7,19,0,0,1,0,2,4,4,0
32005,2020-04-25,Douglas County,7,19,0,0,0,0,1,4,4,0
32005,2020-04-26,Douglas County,6,19,0,1,1,0,1,4,4,0
32005,2020-04-27,Douglas County,7,19,0,1,1,0,2,4,4,0
32005,2020-04-28,Douglas County,8,19,0,0,2,0,2,4,4,0
32005,2020-04-29,Douglas County,9,19,0,0,1,0,1,4,4,0
32005,2020-04-30,Douglas County,8,19,0,1,2,0,2,4,4,0
32005,2020-05-03,Douglas County,9,19,0,0,1,0,0,4,4,0
32005,2020-05-04,Douglas County,11,19,0,0,2,0,1,4,4,0
32005,2020-05-05,Douglas County,13,19,0,0,4,0,0,4,4,0
32005,2020-05-06,Douglas County,11,19,0,0,2,0,0,4,4,0
32005,2020-05-07,Douglas County,6,19,0,1,2,0,1,4,4,0
32005,2020-05-10,Douglas County,12,19,0,0,3,0,0,4,4,0
32005,2020-05-12,Douglas County,12,19,0,0,3,0,0,4,4,0
32005,2020-05-13,Douglas County,10,19,0,1,6,0,1,4,4,0
32005,2020-05-18,Douglas County,8,19,0,0,2,0,1,4,4,0
32005,2020-05-20,Douglas County,11,19,0,0,1,0,2,4,4,2
32005,2020-05-21,Douglas County,11,19,0,0,1,0,2,4,4,1
32005,2020-05-25,Douglas County,9,19,0,0,1,0,1,4,4,0
32005,2020-05-26,Douglas County,10,19,0,0,1,0,1,4,4,0
32005,2020-05-27,Douglas County,9,19,0,2,3,1,2,4,4,1
32005,2020-05-28,Douglas County,10,19,0,2,3,1,2,4,4,1
32005,2020-06-10,Douglas County,18,19,0,0,4,0,0,4,4,0
32005,2020-06-11,Douglas County,16,19,0,0,4,0,0,4,4,0
32005,2020-06-14,Douglas County,18,23,1,0,2,0,0,4,4,0
32005,2020-06-17,Douglas County,18,23,1,1,3,0,1,4,4,0
32005,2020-06-18,Douglas County,20,23,1,0,3,0,0,4,4,0
32005,2020-06-21,Douglas County,15,23,1,0,2,0,0,4,4,0
32005,2020-06-22,Douglas County,17,23,1,0,2,0,0,4,4,0
32005,2020-06-23,Douglas County,15,23,2,0,1,0,0,4,4,0
32005,2020-06-24,Douglas County,,,,,,,,,,
32005,2020-06-25,Douglas County,15,23,2,0,1,0,0,4,4,0
32005,2020-06-28,Douglas County,12,23,3,0,0,0,0,4,4,0
32005,2020-06-29,Douglas County,11,23,3,0,2,0,0,4,4,0
32005,2020-06-30,Douglas County,11,23,4,0,2,0,1,4,4,1
32007,2020-04-05,Elko County,0,0,0,0,0,0,0,0,0,0
32007,2020-04-06,Elko County,75,75,0,0,0,0,0,7,6,0
32007,2020-04-07,Elko County,4,75,0,0,0,0,0,7,6,0
32007,2020-04-08,Elko County,5,75,0,0,0,0,1,7,6,0
32007,2020-04-09,Elko County,8,75,0,0,0,0,1,7,6,0
32007,2020-04-10,Elko County,8,75,0,0,0,0,2,7,6,0
32007,2020-04-11,Elko County,9,75,0,0,0,0,0,7,6,0
32007,2020-04-12,Elko County,75,75,0,1,0,1,1,7,6,1
32007,2020-04-13,Elko County,10,75,0,0,0,0,1,7,6,1
32007,2020-04-14,Elko County,8,75,0,0,2,0,1,7,6,0
32007,2020-04-15,Elko County,5,75,0,0,1,0,1,7,6,0
32007,2020-04-16,Elko County,7,75,0,0,0,0,1,7,6,0
32007,2020-04-17,Elko County,6,75,0,0,0,0,1,7,6,0
32007,2020-04-18,Elko County,9,75,0,0,1,0,0,7,6,0
32007,2020-04-19,Elko County,11,75,0,0,1,0,0,7,6,0
32007,2020-04-20,Elko County,11,75,0,0,1,0,0,7,6,0
32007,2020-04-21,Elko County,8,75,0,0,0,0,2,7,6,0
32007,2020-04-22,Elko County,3,75,0,0,0,0,0,7,6,0
32007,2020-04-23,Elko County,2,75,0,0,0,0,1,7,6,0
32007,2020-04-24,Elko County,4,75,0,0,0,0,1,7,6,0
32007,2020-04-25,Elko County,7,75,0,0,1,0,2,7,6,0
32007,2020-04-26,Elko County,7,75,0,0,1,0,0,7,6,0
32007,2020-04-27,Elko County,11,75,0,1,4,0,2,7,6,0
32007,2020-04-28,Elko County,11,75,0,1,3,0,3,7,6,0
32007,2020-04-29,Elko County,8,75,0,0,0,0,1,7,6,0
32007,2020-04-30,Elko County,10,75,0,3,4,0,4,7,6,0
32007,2020-05-03,Elko County,2,75,0,0,1,0,0,7,6,0
32007,2020-05-04,Elko County,5,75,0,0,1,0,1,7,6,0
32007,2020-05-05,Elko County,8,75,0,0,2,0,1,7,6,0
32007,2020-05-06,Elko County,9,75,0,0,2,0,0,7,6,0
32007,2020-05-07,Elko County,8,75,0,0,2,0,0,7,6,0
32007,2020-05-10,Elko County,3,75,0,0,0,0,0,7,6,0
32007,2020-05-12,Elko County,10,75,0,0,2,0,1,7,6,0
32007,2020-05-13,Elko County,10,75,0,0,0,0,2,7,6,0
32007,2020-05-18,Elko County,10,75,0,1,3,1,1,7,6,2
32007,2020-05-20,Elko County,9,75,0,0,0,0,2,7,6,0
32007,2020-05-21,Elko County,0,0,0,0,0,0,0,0,0,0
32007,2020-05-25,Elko County,13,75,0,0,3,0,4,7,6,0
32007,2020-05-26,Elko County,10,75,0,1,1,0,2,7,6,0
32007,2020-05-27,Elko County,11,75,0,1,2,0,1,7,6,0
32007,2020-05-28,Elko County,8,75,0,0,2,0,3,7,6,0
32007,2020-06-10,Elko County,11,75,0,0,2,0,1,7,6,0
32007,2020-06-11,Elko County,10,75,0,1,3,0,2,7,6,0
32007,2020-06-14,Elko County,7,75,0,0,0,0,0,7,6,0
32007,2020-06-17,Elko County,11,75,0,0,0,0,4,7,6,1
32007,2020-06-18,Elko County,7,75,0,0,0,0,2,7,6,1
32007,2020-06-21,Elko County,4,75,0,0,0,0,1,7,6,0
32007,2020-06-22,Elko County,7,75,0,0,0,0,2,7,6,0
32007,2020-06-23,Elko County,7,75,0,0,0,0,2,7,6,0
32007,2020-06-24,Elko County,,,,,,,,,,
32007,2020-06-25,Elko County,6,75,1,0,0,0,1,7,6,0
32007,2020-06-28,Elko County,8,24,0,0,0,0,3,7,6,0
32007,2020-06-29,Elko County,8,75,0,0,0,0,1,7,6,0
32007,2020-06-30,Elko County,4,75,0,0,0,0,1,4,6,0
32009,2020-04-05,Esmeralda County,0,0,0,0,0,0,0,0,0,0
32009,2020-04-06,Esmeralda County,0,0,0,0,0,0,0,0,0,0
32009,2020-04-07,Esmeralda County,0,0,0,0,0,0,0,0,0,0
32009,2020-04-08,Esmeralda County,0,0,0,0,0,0,0,0,0,0
32009,2020-04-09,Esmeralda County,0,0,0,0,0,0,0,0,0,0
32009,2020-04-10,Esmeralda County,0,0,0,0,0,0,0,0,0,0
32009,2020-04-11,Esmeralda County,0,0,0,0,0,0,0,0,0,0
32009,2020-04-12,Esmeralda County,0,0,0,0,0,0,0,0,0,0
32009,2020-04-13,Esmeralda County,0,0,0,0,0,0,0,0,0,0
32009,2020-04-14,Esmeralda County,0,0,0,0,0,0,0,0,0,0
32009,2020-04-15,Esmeralda County,0,0,0,0,0,0,0,0,0,0
32009,2020-04-16,Esmeralda County,0,0,0,0,0,0,0,0,0,0
32009,2020-04-17,Esmeralda County,0,0,0,0,0,0,0,0,0,0
32009,2020-04-18,Esmeralda County,0,0,0,0,0,0,0,0,0,0
32009,2020-04-19,Esmeralda County,0,0,0,0,0,0,0,0,0,0
32009,2020-04-20,Esmeralda County,0,0,0,0,0,0,0,0,0,0
32009,2020-04-21,Esmeralda County,0,0,0,0,0,0,0,0,0,0
32009,2020-04-22,Esmeralda County,0,0,0,0,0,0,0,0,0,0
32009,2020-04-23,Esmeralda County,0,0,0,0,0,0,0,0,0,0
32009,2020-04-24,Esmeralda County,0,0,0,0,0,0,0,0,0,0
32009,2020-04-25,Esmeralda County,0,0,0,0,0,0,0,0,0,0
32009,2020-04-26,Esmeralda County,0,0,0,0,0,0,0,0,0,0
32009,2020-04-27,Esmeralda County,0,0,0,0,0,0,0,0,0,0
32009,2020-04-28,Esmeralda County,0,0,0,0,0,0,0,0,0,0
32009,2020-04-29,Esmeralda County,0,0,0,0,0,0,0,0,0,0
32009,2020-04-30,Esmeralda County,0,0,0,0,0,0,0,0,0,0
32009,2020-05-03,Esmeralda County,0,0,0,0,0,0,0,0,0,0
32009,2020-05-04,Esmeralda County,0,0,0,0,0,0,0,0,0,0
32009,2020-05-05,Esmeralda County,0,0,0,0,0,0,0,0,0,0
32009,2020-05-06,Esmeralda County,0,0,0,0,0,0,0,0,0,0
32009,2020-05-07,Esmeralda County,0,0,0,0,0,0,0,0,0,0
32009,2020-05-10,Esmeralda County,0,0,0,0,0,0,0,0,0,0
32009,2020-05-12,Esmeralda County,0,0,0,0,0,0,0,0,0,0
32009,2020-05-13,Esmeralda County,0,0,0,0,0,0,0,0,0,0
32009,2020-05-18,Esmeralda County,0,0,0,0,0,0,0,0,0,0
32009,2020-05-20,Esmeralda County,0,0,0,0,0,0,0,0,0,0
32009,2020-05-21,Esmeralda County,0,0,0,0,0,0,0,0,0,0
32009,2020-05-25,Esmeralda County,0,0,0,0,0,0,0,0,0,0
32009,2020-05-26,Esmeralda County,0,0,0,0,0,0,0,0,0,0
32009,2020-05-27,Esmeralda County,0,0,0,0,0,0,0,0,0,0
32009,2020-05-28,Esmeralda County,0,0,0,0,0,0,0,0,0,0
32009,2020-06-10,Esmeralda County,0,0,0,0,0,0,0,0,0,0
32009,2020-06-11,Esmeralda County,0,0,0,0,0,0,0,0,0,0
32009,2020-06-14,Esmeralda County,0,0,0,0,0,0,0,0,0,0
32009,2020-06-17,Esmeralda County,0,0,0,0,0,0,0,0,0,0
32009,2020-06-18,Esmeralda County,0,0,0,0,0,0,0,0,0,0
32009,2020-06-21,Esmeralda County,0,0,0,0,0,0,0,0,0,0
32009,2020-06-22,Esmeralda County,0,0,0,0,0,0,0,0,0,0
32009,2020-06-23,Esmeralda County,0,0,0,0,0,0,0,0,0,0
32009,2020-06-24,Esmeralda County,,,,,,,,,,
32009,2020-06-25,Esmeralda County,0,0,0,0,0,0,0,0,0,0
32009,2020-06-28,Esmeralda County,0,0,0,0,0,0,0,0,0,0
32009,2020-06-29,Esmeralda County,0,0,0,0,0,0,0,0,0,0
32009,2020-06-30,Esmeralda County,0,0,0,0,0,0,0,0,0,0
32011,2020-04-05,Eureka County,0,0,0,0,0,0,0,0,0,0
32011,2020-04-06,Eureka County,0,0,0,0,0,0,0,0,0,0
32011,2020-04-07,Eureka County,0,0,0,0,0,0,0,0,0,0
32011,2020-04-08,Eureka County,0,0,0,0,0,0,0,0,0,0
32011,2020-04-09,Eureka County,0,0,0,0,0,0,0,0,0,0
32011,2020-04-10,Eureka County,0,0,0,0,0,0,0,0,0,0
32011,2020-04-11,Eureka County,0,0,0,0,0,0,0,0,0,0
32011,2020-04-12,Eureka County,0,0,0,0,0,0,0,0,0,0
32011,2020-04-13,Eureka County,0,0,0,0,0,0,0,0,0,0
32011,2020-04-14,Eureka County,0,0,0,0,0,0,0,0,0,0
32011,2020-04-15,Eureka County,0,0,0,0,0,0,0,0,0,0
32011,2020-04-16,Eureka County,0,0,0,0,0,0,0,0,0,0
32011,2020-04-17,Eureka County,0,0,0,0,0,0,0,0,0,0
32011,2020-04-18,Eureka County,0,0,0,0,0,0,0,0,0,0
32011,2020-04-19,Eureka County,0,0,0,0,0,0,0,0,0,0
32011,2020-04-20,Eureka County,0,0,0,0,0,0,0,0,0,0
32011,2020-04-21,Eureka County,0,0,0,0,0,0,0,0,0,0
32011,2020-04-22,Eureka County,0,0,0,0,0,0,0,0,0,0
32011,2020-04-23,Eureka County,0,0,0,0,0,0,0,0,0,0
32011,2020-04-24,Eureka County,0,0,0,0,0,0,0,0,0,0
32011,2020-04-25,Eureka County,0,0,0,0,0,0,0,0,0,0
32011,2020-04-26,Eureka County,0,0,0,0,0,0,0,0,0,0
32011,2020-04-27,Eureka County,0,0,0,0,0,0,0,0,0,0
32011,2020-04-28,Eureka County,0,0,0,0,0,0,0,0,0,0
32011,2020-04-29,Eureka County,0,0,0,0,0,0,0,0,0,0
32011,2020-04-30,Eureka County,0,0,0,0,0,0,0,0,0,0
32011,2020-05-03,Eureka County,0,0,0,0,0,0,0,0,0,0
32011,2020-05-04,Eureka County,0,0,0,0,0,0,0,0,0,0
32011,2020-05-05,Eureka County,0,0,0,0,0,0,0,0,0,0
32011,2020-05-06,Eureka County,0,0,0,0,0,0,0,0,0,0
32011,2020-05-07,Eureka County,0,0,0,0,0,0,0,0,0,0
32011,2020-05-10,Eureka County,0,0,0,0,0,0,0,0,0,0
32011,2020-05-12,Eureka County,0,0,0,0,0,0,0,0,0,0
32011,2020-05-13,Eureka County,0,0,0,0,0,0,0,0,0,0
32011,2020-05-18,Eureka County,0,0,0,0,0,0,0,0,0,0
32011,2020-05-20,Eureka County,0,0,0,0,0,0,0,0,0,0
32011,2020-05-21,Eureka County,0,0,0,0,0,0,0,0,0,0
32011,2020-05-25,Eureka County,0,0,0,0,0,0,0,0,0,0
32011,2020-05-26,Eureka County,0,0,0,0,0,0,0,0,0,0
32011,2020-05-27,Eureka County,0,0,0,0,0,0,0,0,0,0
32011,2020-05-28,Eureka County,0,0,0,0,0,0,0,0,0,0
32011,2020-06-10,Eureka County,0,0,0,0,0,0,0,0,0,0
32011,2020-06-11,Eureka County,0,0,0,0,0,0,0,0,0,0
32011,2020-06-14,Eureka County,0,0,0,0,0,0,0,0,0,0
32011,2020-06-17,Eureka County,0,0,0,0,0,0,0,0,0,0
32011,2020-06-18,Eureka County,0,0,0,0,0,0,0,0,0,0
32011,2020-06-21,Eureka County,0,0,0,0,0,0,0,0,0,0
32011,2020-06-22,Eureka County,0,0,0,0,0,0,0,0,0,0
32011,2020-06-23,Eureka County,0,0,0,0,0,0,0,0,0,0
32011,2020-06-24,Eureka County,,,,,,,,,,
32011,2020-06-25,Eureka County,0,0,0,0,0,0,0,0,0,0
32011,2020-06-28,Eureka County,0,0,0,0,0,0,0,0,0,0
32011,2020-06-29,Eureka County,0,0,0,0,0,0,0,0,0,0
32011,2020-06-30,Eureka County,0,0,0,0,0,0,0,0,0,0
32013,2020-04-05,Humboldt County,16,25,0,1,3,0,1,3,3,0
32013,2020-04-06,Humboldt County,11,26,0,1,3,0,1,3,3,0
32013,2020-04-07,Humboldt County,11,25,0,1,3,1,2,3,3,1
32013,2020-04-08,Humboldt County,0,0,0,0,0,0,0,0,0,0
32013,2020-04-09,Humboldt County,0,0,0,0,0,0,0,0,0,0
32013,2020-04-10,Humboldt County,9,25,0,2,3,0,2,3,3,0
32013,2020-04-11,Humboldt County,15,25,0,0,3,0,0,3,3,0
32013,2020-04-12,Humboldt County,12,25,0,0,3,0,0,3,3,0
32013,2020-04-13,Humboldt County,12,25,0,2,3,0,2,3,3,0
32013,2020-04-14,Humboldt County,12,25,2,2,2,0,2,3,3,0
32013,2020-04-15,Humboldt County,11,25,1,1,2,1,1,3,3,1
32013,2020-04-16,Humboldt County,12,25,1,1,0,1,1,3,7,1
32013,2020-04-17,Humboldt County,12,25,2,1,0,0,1,3,7,0
32013,2020-04-18,Humboldt County,10,25,1,0,0,0,0,3,7,0
32013,2020-04-19,Humboldt County,10,25,1,0,0,0,1,3,7,0
32013,2020-04-20,Humboldt County,8,25,1,1,0,0,2,3,7,0
32013,2020-04-21,Humboldt County,0,0,0,0,0,0,0,0,0,0
32013,2020-04-22,Humboldt County,13,25,0,0,0,0,1,3,7,0
32013,2020-04-23,Humboldt County,14,25,0,0,1,0,1,3,7,0
32013,2020-04-24,Humboldt County,11,25,0,0,0,0,0,3,7,0
32013,2020-04-25,Humboldt County,7,25,0,0,0,0,0,3,7,0
32013,2020-04-26,Humboldt County,8,25,0,0,0,0,0,3,7,0
32013,2020-04-27,Humboldt County,7,25,0,0,0,0,0,3,7,0
32013,2020-04-28,Humboldt County,8,25,0,0,1,0,0,3,7,0
32013,2020-04-29,Humboldt County,9,25,0,2,2,0,2,3,7,0
32013,2020-04-30,Humboldt County,0,0,0,0,0,0,0,0,0,0
32013,2020-05-03,Humboldt County,7,25,1,1,0,0,1,3,7,0
32013,2020-05-04,Humboldt County,8,25,1,1,0,0,1,3,7,0
32013,2020-05-05,Humboldt County,9,25,1,1,0,0,1,3,7,0
32013,2020-05-06,Humboldt County,11,25,1,1,0,0,1,3,7,0
32013,2020-05-07,Humboldt County,11,25,2,2,0,0,2,3,7,0
32013,2020-05-10,Humboldt County,9,25,0,0,0,0,0,3,7,0
32013,2020-05-12,Humboldt County,9,25,0,0,0,0,0,3,7,0
32013,2020-05-13,Humboldt County,10,25,0,0,0,0,0,3,7,0
32013,2020-05-18,Humboldt County,10,25,0,0,0,0,0,3,7,0
32013,2020-05-20,Humboldt County,12,25,0,0,0,0,0,3,7,0
32013,2020-05-21,Humboldt County,11,25,0,0,0,0,1,3,7,0
32013,2020-05-25,Humboldt County,10,25,0,0,0,0,0,3,7,0
32013,2020-05-26,Humboldt County,14,25,0,0,0,0,2,3,7,0
32013,2020-05-27,Humboldt County,17,0,0,0,0,0,2,3,0,7
32013,2020-05-28,Humboldt County,15,25,0,0,0,0,0,3,7,0
32013,2020-06-10,Humboldt County,8,25,0,0,0,0,0,3,7,0
32013,2020-06-11,Humboldt County,8,25,0,0,0,0,0,3,7,0
32013,2020-06-14,Humboldt County,9,25,0,0,0,0,0,3,7,0
32013,2020-06-17,Humboldt County,11,25,0,0,0,0,1,3,7,0
32013,2020-06-18,Humboldt County,13,25,0,0,0,0,0,3,7,0
32013,2020-06-21,Humboldt County,9,25,0,0,0,0,0,3,7,0
32013,2020-06-22,Humboldt County,13,25,0,0,0,0,0,3,7,0
32013,2020-06-23,Humboldt County,13,25,1,0,0,0,1,3,7,0
32013,2020-06-24,Humboldt County,,,,,,,,,,
32013,2020-06-25,Humboldt County,11,25,0,0,0,0,0,3,7,0
32013,2020-06-28,Humboldt County,12,25,0,0,0,0,0,3,7,0
32013,2020-06-29,Humboldt County,18,25,0,0,0,0,2,3,7,0
32013,2020-06-30,Humboldt County,20,25,0,0,0,0,3,3,7,0
32015,2020-04-05,Lander County,1,5,0,0,0,0,0,0,0,0
32015,2020-04-06,Lander County,1,5,0,0,0,0,0,0,0,0
32015,2020-04-07,Lander County,1,5,0,0,0,0,0,0,0,0
32015,2020-04-08,Lander County,1,5,0,0,0,0,0,0,0,0
32015,2020-04-09,Lander County,1,5,0,0,0,0,0,0,0,0
32015,2020-04-10,Lander County,1,5,0,0,0,0,0,0,0,0
32015,2020-04-11,Lander County,0,0,0,0,0,0,0,0,0,0
32015,2020-04-12,Lander County,1,5,0,0,0,0,0,0,0,0
32015,2020-04-13,Lander County,1,5,0,0,0,0,0,0,0,0
32015,2020-04-14,Lander County,1,5,0,0,0,0,0,0,0,0
32015,2020-04-15,Lander County,1,5,0,0,0,0,0,0,0,0
32015,2020-04-16,Lander County,1,5,0,0,0,0,0,0,0,0
32015,2020-04-17,Lander County,1,5,0,0,0,0,0,0,0,0
32015,2020-04-18,Lander County,1,5,0,0,0,0,0,0,0,0
32015,2020-04-19,Lander County,1,5,0,0,0,0,0,0,0,0
32015,2020-04-20,Lander County,1,5,0,0,0,0,0,0,0,0
32015,2020-04-21,Lander County,1,5,0,0,0,0,0,0,0,0
32015,2020-04-22,Lander County,1,5,0,0,0,0,0,0,0,0
32015,2020-04-23,Lander County,0,5,0,0,0,0,0,0,0,0
32015,2020-04-24,Lander County,2,5,0,0,0,0,0,0,0,0
32015,2020-04-25,Lander County,1,5,0,0,0,0,0,0,0,0
32015,2020-04-26,Lander County,0,5,0,0,0,0,0,0,0,0
32015,2020-04-27,Lander County,2,5,0,0,0,0,0,0,0,0
32015,2020-04-28,Lander County,1,5,0,0,0,0,0,0,0,0
32015,2020-04-29,Lander County,1,5,0,0,0,0,0,0,0,0
32015,2020-04-30,Lander County,1,5,0,0,0,0,0,0,0,0
32015,2020-05-03,Lander County,1,5,0,0,0,0,0,0,0,0
32015,2020-05-04,Lander County,1,5,0,0,0,0,0,0,0,0
32015,2020-05-05,Lander County,1,5,0,0,0,0,0,0,0,0
32015,2020-05-06,Lander County,1,5,0,0,0,0,0,0,0,0
32015,2020-05-07,Lander County,1,5,0,0,0,0,0,0,0,0
32015,2020-05-10,Lander County,0,5,0,0,0,0,0,0,0,0
32015,2020-05-12,Lander County,0,5,0,0,0,0,0,0,0,0
32015,2020-05-13,Lander County,0,5,0,0,0,0,0,0,0,0
32015,2020-05-18,Lander County,1,5,0,0,0,0,0,0,0,0
32015,2020-05-20,Lander County,1,5,0,0,0,0,0,0,0,0
32015,2020-05-21,Lander County,1,5,0,0,0,0,0,0,0,0
32015,2020-05-25,Lander County,1,5,0,0,0,0,0,0,0,0
32015,2020-05-26,Lander County,2,5,0,0,0,0,0,0,0,0
32015,2020-05-27,Lander County,2,5,0,0,0,0,0,0,0,0
32015,2020-05-28,Lander County,2,5,0,0,0,0,0,0,0,0
32015,2020-06-10,Lander County,1,5,0,0,0,0,0,0,0,0
32015,2020-06-11,Lander County,0,5,0,0,0,0,0,0,0,0
32015,2020-06-14,Lander County,0,5,0,0,0,0,0,0,0,0
32015,2020-06-17,Lander County,0,5,0,0,0,0,0,0,0,0
32015,2020-06-18,Lander County,0,5,0,0,0,0,0,0,0,0
32015,2020-06-21,Lander County,0,5,0,0,0,0,0,0,0,0
32015,2020-06-22,Lander County,0,5,0,0,0,0,0,0,0,0
32015,2020-06-23,Lander County,0,5,0,0,0,0,0,0,0,0
32015,2020-06-24,Lander County,,,,,,,,,,
32015,2020-06-25,Lander County,1,5,0,0,0,0,0,0,0,0
32015,2020-06-28,Lander County,1,5,0,0,0,0,0,0,0,0
32015,2020-06-29,Lander County,0,5,0,0,0,0,0,0,0,0
32015,2020-06-30,Lander County,0,5,0,0,0,0,0,0,0,0
32017,2020-04-05,Lincoln County,4,4,0,0,0,0,0,0,3,0
32017,2020-04-06,Lincoln County,2,4,0,0,0,0,0,0,3,0
32017,2020-04-07,Lincoln County,3,4,0,0,0,0,0,0,3,0
32017,2020-04-08,Lincoln County,4,4,0,0,0,0,0,0,3,0
32017,2020-04-09,Lincoln County,3,4,0,0,0,0,0,0,3,0
32017,2020-04-10,Lincoln County,3,4,0,0,0,0,0,0,0,0
32017,2020-04-11,Lincoln County,3,4,0,0,0,0,0,0,3,0
32017,2020-04-12,Lincoln County,3,4,0,0,0,0,0,0,3,0
32017,2020-04-13,Lincoln County,3,4,0,0,0,0,0,0,3,0
32017,2020-04-14,Lincoln County,3,4,0,0,1,0,0,0,3,0
32017,2020-04-15,Lincoln County,3,4,0,0,1,0,0,0,3,0
32017,2020-04-16,Lincoln County,2,4,0,0,0,0,0,0,3,0
32017,2020-04-17,Lincoln County,2,4,0,0,0,0,0,0,3,0
32017,2020-04-18,Lincoln County,3,4,0,0,0,0,0,0,3,0
32017,2020-04-19,Lincoln County,1,4,0,0,0,0,0,0,3,0
32017,2020-04-20,Lincoln County,1,4,0,0,0,0,0,0,3,0
32017,2020-04-21,Lincoln County,1,4,0,0,0,0,0,0,0,0
32017,2020-04-22,Lincoln County,1,4,0,0,0,0,0,0,3,0
32017,2020-04-23,Lincoln County,0,4,0,0,0,0,0,0,3,0
32017,2020-04-24,Lincoln County,0,4,0,0,0,0,0,0,3,0
32017,2020-04-25,Lincoln County,1,4,0,0,0,0,0,0,3,0
32017,2020-04-26,Lincoln County,1,4,0,0,0,0,0,0,3,0
32017,2020-04-27,Lincoln County,0,4,0,0,0,0,0,0,3,0
32017,2020-04-28,Lincoln County,1,4,0,0,0,0,0,0,3,0
32017,2020-04-29,Lincoln County,1,4,0,0,0,0,0,0,3,0
32017,2020-04-30,Lincoln County,0,0,0,0,0,0,0,0,0,0
32017,2020-05-03,Lincoln County,3,4,0,0,0,0,0,0,3,0
32017,2020-05-04,Lincoln County,2,4,0,0,0,0,0,0,3,0
32017,2020-05-05,Lincoln County,2,4,0,0,0,0,0,0,3,0
32017,2020-05-06,Lincoln County,3,4,0,0,0,0,0,0,3,0
32017,2020-05-07,Lincoln County,3,4,0,0,0,0,0,0,3,0
32017,2020-05-10,Lincoln County,2,4,0,0,0,0,0,0,3,0
32017,2020-05-12,Lincoln County,2,4,0,0,0,0,0,0,3,0
32017,2020-05-13,Lincoln County,2,4,0,0,0,0,0,0,3,0
32017,2020-05-18,Lincoln County,3,4,0,0,0,0,0,0,3,0
32017,2020-05-20,Lincoln County,3,4,0,0,0,0,0,0,3,0
32017,2020-05-21,Lincoln County,2,4,0,0,0,0,0,0,3,0
32017,2020-05-25,Lincoln County,1,4,0,0,0,0,0,0,3,0
32017,2020-05-26,Lincoln County,0,1,0,0,0,0,0,0,3,0
32017,2020-05-27,Lincoln County,2,4,0,0,0,0,0,0,0,0
32017,2020-05-28,Lincoln County,2,4,0,0,0,0,0,0,3,0
32017,2020-06-10,Lincoln County,3,4,0,0,0,0,0,0,3,0
32017,2020-06-11,Lincoln County,2,4,0,0,0,0,0,0,3,0
32017,2020-06-14,Lincoln County,0,4,0,0,0,0,0,0,3,0
32017,2020-06-17,Lincoln County,0,4,0,0,0,0,0,0,3,0
32017,2020-06-18,Lincoln County,0,4,0,0,0,0,0,0,3,0
32017,2020-06-21,Lincoln County,2,4,0,0,0,0,0,0,3,0
32017,2020-06-22,Lincoln County,2,4,0,0,0,0,0,0,3,0
32017,2020-06-23,Lincoln County,2,4,0,0,0,0,0,0,3,0
32017,2020-06-24,Lincoln County,,,,,,,,,,
32017,2020-06-25,Lincoln County,1,4,0,0,0,0,0,0,3,0
32017,2020-06-28,Lincoln County,0,4,0,0,0,0,0,0,3,0
32017,2020-06-29,Lincoln County,0,4,0,0,0,0,0,0,3,0
32017,2020-06-30,Lincoln County,0,4,0,0,0,0,0,0,3,0
32019,2020-04-05,Lyon County,0,14,0,0,0,0,0,0,0,0
32019,2020-04-06,Lyon County,0,14,0,0,0,0,0,0,0,0
32019,2020-04-07,Lyon County,0,14,0,0,0,0,0,0,0,0
32019,2020-04-08,Lyon County,0,14,0,0,0,0,0,0,0,0
32019,2020-04-09,Lyon County,0,14,0,0,0,0,0,0,0,0
32019,2020-04-10,Lyon County,1,14,0,0,0,0,0,0,0,0
32019,2020-04-11,Lyon County,1,14,0,0,0,0,0,0,0,0
32019,2020-04-12,Lyon County,1,14,0,0,0,0,0,0,0,0
32019,2020-04-13,Lyon County,1,14,0,0,0,0,0,0,0,0
32019,2020-04-14,Lyon County,1,14,0,0,0,0,0,0,0,0
32019,2020-04-15,Lyon County,3,14,0,0,1,0,0,0,0,0
32019,2020-04-16,Lyon County,2,14,0,0,1,0,0,0,0,0
32019,2020-04-17,Lyon County,1,14,0,0,0,0,0,0,0,0
32019,2020-04-18,Lyon County,0,14,0,0,0,0,0,0,0,0
32019,2020-04-19,Lyon County,0,14,0,0,0,0,0,0,0,0
32019,2020-04-20,Lyon County,0,14,0,0,0,0,0,0,0,0
32019,2020-04-21,Lyon County,0,14,0,0,0,0,0,0,0,0
32019,2020-04-22,Lyon County,0,14,0,0,0,0,0,0,0,0
32019,2020-04-23,Lyon County,0,14,0,0,0,0,0,0,0,0
32019,2020-04-24,Lyon County,0,14,0,0,0,0,0,0,0,0
32019,2020-04-25,Lyon County,0,14,0,0,0,0,0,0,0,0
32019,2020-04-26,Lyon County,0,14,0,0,0,0,0,0,0,0
32019,2020-04-27,Lyon County,0,14,0,0,0,0,0,0,0,0
32019,2020-04-28,Lyon County,0,14,0,0,0,0,0,0,0,0
32019,2020-04-29,Lyon County,0,14,0,0,0,0,0,0,0,0
32019,2020-04-30,Lyon County,1,14,0,0,0,0,0,0,0,0
32019,2020-05-03,Lyon County,2,14,0,0,0,0,0,0,0,0
32019,2020-05-04,Lyon County,1,14,0,0,0,0,0,0,0,0
32019,2020-05-05,Lyon County,2,14,0,0,0,0,0,0,0,0
32019,2020-05-06,Lyon County,3,14,0,0,1,0,0,0,0,0
32019,2020-05-07,Lyon County,3,14,0,0,1,0,0,0,0,0
32019,2020-05-10,Lyon County,2,14,0,0,0,0,0,0,0,0
32019,2020-05-12,Lyon County,2,14,0,0,0,0,0,0,0,0
32019,2020-05-13,Lyon County,1,14,0,0,0,0,0,0,0,0
32019,2020-05-18,Lyon County,2,14,0,0,0,0,0,0,0,0
32019,2020-05-20,Lyon County,1,14,0,0,0,0,0,0,0,0
32019,2020-05-21,Lyon County,1,14,0,0,0,0,0,0,0,0
32019,2020-05-25,Lyon County,1,14,0,0,1,0,0,0,0,0
32019,2020-05-26,Lyon County,0,14,0,0,0,0,0,0,0,0
32019,2020-05-27,Lyon County,1,14,0,0,0,0,0,0,0,0
32019,2020-05-28,Lyon County,1,14,0,0,0,0,0,0,0,0
32019,2020-06-10,Lyon County,1,14,0,0,0,0,0,0,0,0
32019,2020-06-11,Lyon County,0,14,0,0,0,0,0,0,0,0
32019,2020-06-14,Lyon County,1,14,0,0,0,0,0,0,0,0
32019,2020-06-17,Lyon County,0,14,0,0,0,0,0,0,0,0
32019,2020-06-18,Lyon County,0,14,0,0,0,0,0,0,0,0
32019,2020-06-21,Lyon County,0,14,0,0,0,0,0,0,0,0
32019,2020-06-22,Lyon County,0,14,0,0,0,0,0,0,0,0
32019,2020-06-23,Lyon County,0,14,0,0,0,0,0,0,0,0
32019,2020-06-24,Lyon County,,,,,,,,,,
32019,2020-06-25,Lyon County,1,14,0,0,1,0,0,0,0,0
32019,2020-06-28,Lyon County,2,14,0,0,1,0,0,0,0,0
32019,2020-06-29,Lyon County,1,14,0,0,1,0,0,0,0,0
32019,2020-06-30,Lyon County,1,14,0,0,0,0,0,0,0,0
32021,2020-04-05,Mineral County,9,11,0,0,1,0,0,0,1,0
32021,2020-04-06,Mineral County,9,11,0,0,1,0,0,0,1,0
32021,2020-04-07,Mineral County,9,11,0,0,1,0,0,0,1,0
32021,2020-04-08,Mineral County,7,11,0,0,1,0,0,0,1,0
32021,2020-04-09,Mineral County,8,11,0,0,1,0,0,0,1,0
32021,2020-04-10,Mineral County,9,11,0,0,1,0,0,0,1,0
32021,2020-04-11,Mineral County,7,11,0,0,1,0,0,0,1,0
32021,2020-04-12,Mineral County,6,11,0,0,1,0,0,0,1,0
32021,2020-04-13,Mineral County,8,11,0,0,1,0,0,0,1,0
32021,2020-04-14,Mineral County,11,11,0,0,0,0,0,0,1,0
32021,2020-04-15,Mineral County,9,11,0,0,0,0,0,0,1,0
32021,2020-04-16,Mineral County,8,11,0,0,0,0,0,0,1,0
32021,2020-04-17,Mineral County,6,11,0,0,0,0,0,0,1,0
32021,2020-04-18,Mineral County,5,11,0,0,0,0,0,0,1,0
32021,2020-04-19,Mineral County,4,11,0,0,0,0,0,0,1,0
32021,2020-04-20,Mineral County,4,11,0,0,0,0,0,0,1,0
32021,2020-04-21,Mineral County,3,11,0,0,0,0,0,0,1,0
32021,2020-04-22,Mineral County,3,11,0,0,0,0,0,0,1,0
32021,2020-04-23,Mineral County,3,11,0,0,0,0,0,0,1,0
32021,2020-04-24,Mineral County,3,11,0,0,0,0,0,0,1,0
32021,2020-04-25,Mineral County,4,11,0,0,0,0,0,0,1,0
32021,2020-04-26,Mineral County,4,11,0,0,0,0,0,0,1,0
32021,2020-04-27,Mineral County,5,11,0,0,0,0,0,0,1,0
32021,2020-04-28,Mineral County,6,11,0,0,0,0,0,0,1,0
32021,2020-04-29,Mineral County,6,11,0,0,0,0,0,0,1,0
32021,2020-04-30,Mineral County,6,11,0,0,0,0,0,0,1,0
32021,2020-05-03,Mineral County,5,11,0,0,0,0,0,0,1,0
32021,2020-05-04,Mineral County,4,11,0,0,0,0,0,0,1,0
32021,2020-05-05,Mineral County,5,11,0,0,0,0,0,0,1,0
32021,2020-05-06,Mineral County,6,11,0,0,0,0,0,0,1,0
32021,2020-05-07,Mineral County,7,11,0,0,0,0,0,0,1,0
32021,2020-05-10,Mineral County,5,11,0,0,0,0,0,0,1,0
32021,2020-05-12,Mineral County,9,11,0,0,0,0,0,0,1,0
32021,2020-05-13,Mineral County,8,11,0,0,0,0,0,0,1,0
32021,2020-05-18,Mineral County,9,11,0,0,0,0,0,0,1,0
32021,2020-05-20,Mineral County,9,11,0,0,0,0,0,0,1,0
32021,2020-05-21,Mineral County,10,11,0,0,0,0,0,0,1,0
32021,2020-05-25,Mineral County,10,11,0,0,0,0,0,0,1,0
32021,2020-05-26,Mineral County,11,11,0,0,0,0,0,0,1,0
32021,2020-05-27,Mineral County,8,11,0,0,0,0,0,0,1,0
32021,2020-05-28,Mineral County,9,11,0,0,0,0,0,0,1,0
32021,2020-06-10,Mineral County,10,11,0,0,0,0,0,0,1,0
32021,2020-06-11,Mineral County,10,11,0,0,0,0,0,0,1,0
32021,2020-06-14,Mineral County,9,11,0,0,0,0,0,0,1,0
32021,2020-06-17,Mineral County,11,11,0,0,0,0,0,0,1,0
32021,2020-06-18,Mineral County,10,11,0,0,0,0,0,0,1,0
32021,2020-06-21,Mineral County,9,11,0,0,0,0,0,0,1,0
32021,2020-06-22,Mineral County,7,11,0,0,0,0,0,0,1,0
32021,2020-06-23,Mineral County,7,11,0,0,0,0,0,0,1,0
32021,2020-06-24,Mineral County,,,,,,,,,,
32021,2020-06-25,Mineral County,10,11,0,0,0,0,0,0,1,0
32021,2020-06-28,Mineral County,8,11,0,0,0,0,0,0,1,0
32021,2020-06-29,Mineral County,9,11,0,0,0,0,0,0,1,0
32021,2020-06-30,Mineral County,9,11,0,0,0,0,0,0,1,0
32023,2020-04-05,Nye County,19,25,0,0,0,0,0,0,6,0
32023,2020-04-06,Nye County,13,25,0,0,0,0,0,0,6,0
32023,2020-04-07,Nye County,13,25,0,0,0,0,0,0,6,0
32023,2020-04-08,Nye County,13,25,0,0,0,0,0,0,6,0
32023,2020-04-09,Nye County,13,25,0,0,0,0,0,0,6,0
32023,2020-04-10,Nye County,11,25,0,0,0,0,0,0,6,0
32023,2020-04-11,Nye County,8,25,0,0,0,0,0,0,6,0
32023,2020-04-12,Nye County,5,25,0,0,0,0,0,0,6,0
32023,2020-04-13,Nye County,11,25,0,0,0,0,0,0,6,0
32023,2020-04-14,Nye County,11,25,0,0,1,0,0,0,6,0
32023,2020-04-15,Nye County,10,25,0,0,3,0,0,0,6,0
32023,2020-04-16,Nye County,15,25,0,0,7,0,0,0,6,0
32023,2020-04-17,Nye County,11,25,0,0,4,0,0,0,6,0
32023,2020-04-18,Nye County,0,0,0,0,0,0,0,0,0,0
32023,2020-04-19,Nye County,14,25,0,0,1,0,0,0,6,0
32023,2020-04-20,Nye County,14,25,0,0,1,0,0,0,6,0
32023,2020-04-21,Nye County,9,25,0,0,2,0,0,0,6,0
32023,2020-04-22,Nye County,8,25,0,0,2,0,0,0,6,0
32023,2020-04-23,Nye County,10,25,0,0,4,0,0,0,6,0
32023,2020-04-24,Nye County,9,25,0,0,4,0,0,0,6,0
32023,2020-04-25,Nye County,0,0,0,0,0,0,0,0,0,0
32023,2020-04-26,Nye County,13,25,0,0,1,0,0,0,6,0
32023,2020-04-27,Nye County,20,25,0,0,3,0,0,0,6,0
32023,2020-04-28,Nye County,17,25,0,0,3,0,0,0,6,0
32023,2020-04-29,Nye County,18,25,0,0,2,0,0,0,6,0
32023,2020-04-30,Nye County,15,25,0,0,3,0,0,0,6,0
32023,2020-05-03,Nye County,25,25,0,0,3,0,0,0,6,0
32023,2020-05-04,Nye County,25,25,0,0,8,0,0,0,6,0
32023,2020-05-05,Nye County,25,25,0,0,8,0,0,0,6,0
32023,2020-05-06,Nye County,23,25,0,0,1,0,0,0,6,0
32023,2020-05-07,Nye County,25,25,1,0,1,0,0,0,6,0
32023,2020-05-10,Nye County,18,25,0,0,5,0,0,0,6,0
32023,2020-05-12,Nye County,15,25,0,0,5,0,0,0,6,0
32023,2020-05-13,Nye County,8,25,0,0,3,0,0,0,6,0
32023,2020-05-18,Nye County,13,25,0,0,3,0,0,0,6,0
32023,2020-05-20,Nye County,15,25,0,0,3,0,0,0,6,0
32023,2020-05-21,Nye County,19,25,0,0,3,0,0,0,6,0
32023,2020-05-25,Nye County,25,25,0,0,0,0,0,0,6,0
32023,2020-05-26,Nye County,18,25,0,0,0,0,0,0,6,0
32023,2020-05-27,Nye County,15,25,0,0,2,0,0,0,6,0
32023,2020-05-28,Nye County,14,25,0,0,2,0,0,0,6,0
32023,2020-06-10,Nye County,15,25,0,0,5,0,0,0,6,0
32023,2020-06-11,Nye County,14,25,0,0,3,0,0,0,6,0
32023,2020-06-14,Nye County,12,25,0,0,0,0,0,0,6,0
32023,2020-06-17,Nye County,16,25,0,0,2,0,0,0,6,0
32023,2020-06-18,Nye County,15,25,0,0,3,0,0,0,6,0
32023,2020-06-21,Nye County,10,25,0,0,3,0,0,0,6,0
32023,2020-06-22,Nye County,17,25,0,0,6,0,0,0,6,0
32023,2020-06-23,Nye County,16,25,0,0,6,0,0,0,6,0
32023,2020-06-24,Nye County,,,,,,,,,,
32023,2020-06-25,Nye County,23,25,1,0,1,0,0,0,6,0
32023,2020-06-28,Nye County,8,25,0,0,3,0,0,0,6,0
32023,2020-06-29,Nye County,8,25,0,0,3,0,0,0,6,0
32023,2020-06-30,Nye County,14,25,0,0,4,0,0,0,6,0
32027,2020-04-05,Pershing County,0,0,0,0,0,0,0,0,0,0
32027,2020-04-06,Pershing County,0,13,0,0,0,0,0,0,0,0
32027,2020-04-07,Pershing County,0,13,0,0,0,0,0,0,0,0
32027,2020-04-08,Pershing County,0,0,0,0,0,0,0,0,0,0
32027,2020-04-09,Pershing County,0,13,0,0,0,0,0,0,0,0
32027,2020-04-10,Pershing County,0,13,0,0,0,0,0,0,0,0
32027,2020-04-11,Pershing County,0,0,0,0,0,0,0,0,0,0
32027,2020-04-12,Pershing County,0,13,0,0,0,0,0,0,0,0
32027,2020-04-13,Pershing County,0,13,0,0,0,0,0,0,0,0
32027,2020-04-14,Pershing County,0,0,0,0,0,0,0,0,0,0
32027,2020-04-15,Pershing County,0,13,0,0,0,0,0,0,0,0
32027,2020-04-16,Pershing County,0,13,0,0,0,0,0,0,0,0
32027,2020-04-17,Pershing County,0,13,0,0,0,0,0,0,0,0
32027,2020-04-18,Pershing County,0,0,0,0,0,0,0,0,0,0
32027,2020-04-19,Pershing County,0,0,0,0,0,0,0,0,0,0
32027,2020-04-20,Pershing County,0,13,0,0,0,0,0,0,0,0
32027,2020-04-21,Pershing County,0,13,0,0,0,0,0,0,0,0
32027,2020-04-22,Pershing County,0,13,0,0,0,0,0,0,0,0
32027,2020-04-23,Pershing County,0,0,0,0,0,0,0,0,0,0
32027,2020-04-24,Pershing County,0,13,0,0,0,0,0,0,0,0
32027,2020-04-25,Pershing County,0,0,0,0,0,0,0,0,0,0
32027,2020-04-26,Pershing County,0,0,0,0,0,0,0,0,0,0
32027,2020-04-27,Pershing County,0,13,0,0,0,0,0,0,0,0
32027,2020-04-28,Pershing County,0,13,0,0,0,0,0,0,0,0
32027,2020-04-29,Pershing County,0,13,0,0,0,0,0,0,0,0
32027,2020-04-30,Pershing County,0,13,0,0,0,0,0,0,0,0
32027,2020-05-03,Pershing County,0,0,0,0,0,0,0,0,0,0
32027,2020-05-04,Pershing County,0,13,0,0,0,0,0,0,0,0
32027,2020-05-05,Pershing County,0,13,0,0,0,0,0,0,0,0
32027,2020-05-06,Pershing County,0,13,0,0,0,0,0,0,0,0
32027,2020-05-07,Pershing County,0,13,0,0,0,0,0,0,0,0
32027,2020-05-10,Pershing County,0,13,0,0,0,0,0,0,0,0
32027,2020-05-12,Pershing County,0,13,0,0,0,0,0,0,0,0
32027,2020-05-13,Pershing County,0,13,0,0,0,0,0,0,0,0
32027,2020-05-18,Pershing County,1,13,0,0,0,0,0,0,0,0
32027,2020-05-20,Pershing County,1,13,0,0,0,0,0,0,0,0
32027,2020-05-21,Pershing County,1,13,0,0,0,0,0,0,0,0
32027,2020-05-25,Pershing County,0,0,0,0,0,0,0,0,0,0
32027,2020-05-26,Pershing County,0,13,0,0,0,0,0,0,0,0
32027,2020-05-27,Pershing County,0,0,0,0,0,0,0,0,0,0
32027,2020-05-28,Pershing County,0,0,0,0,0,0,0,0,0,0
32027,2020-06-10,Pershing County,2,13,1,0,0,0,0,0,0,0
32027,2020-06-11,Pershing County,2,13,1,0,0,0,0,0,0,0
32027,2020-06-14,Pershing County,1,13,0,0,0,0,0,0,0,0
32027,2020-06-17,Pershing County,1,13,0,0,0,0,0,0,0,0
32027,2020-06-18,Pershing County,0,13,0,0,0,0,0,0,0,0
32027,2020-06-21,Pershing County,1,13,0,0,0,0,0,0,0,0
32027,2020-06-22,Pershing County,1,13,0,0,0,0,0,0,0,0
32027,2020-06-23,Pershing County,1,13,0,0,0,0,0,0,0,0
32027,2020-06-24,Pershing County,,,,,,,,,,
32027,2020-06-25,Pershing County,1,13,0,0,0,0,0,0,0,0
32027,2020-06-28,Pershing County,1,13,0,0,0,0,0,0,0,0
32027,2020-06-29,Pershing County,1,13,0,0,0,0,0,0,0,0
32027,2020-06-30,Pershing County,0,13,0,0,0,0,0,0,0,0
32029,2020-04-05,Storey County,0,0,0,0,0,0,0,0,0,0
32029,2020-04-06,Storey County,0,0,0,0,0,0,0,0,0,0
32029,2020-04-07,Storey County,0,0,0,0,0,0,0,0,0,0
32029,2020-04-08,Storey County,0,0,0,0,0,0,0,0,0,0
32029,2020-04-09,Storey County,0,0,0,0,0,0,0,0,0,0
32029,2020-04-10,Storey County,0,0,0,0,0,0,0,0,0,0
32029,2020-04-11,Storey County,0,0,0,0,0,0,0,0,0,0
32029,2020-04-12,Storey County,0,0,0,0,0,0,0,0,0,0
32029,2020-04-13,Storey County,0,0,0,0,0,0,0,0,0,0
32029,2020-04-14,Storey County,0,0,0,0,0,0,0,0,0,0
32029,2020-04-15,Storey County,0,0,0,0,0,0,0,0,0,0
32029,2020-04-16,Storey County,0,0,0,0,0,0,0,0,0,0
32029,2020-04-17,Storey County,0,0,0,0,0,0,0,0,0,0
32029,2020-04-18,Storey County,0,0,0,0,0,0,0,0,0,0
32029,2020-04-19,Storey County,0,0,0,0,0,0,0,0,0,0
32029,2020-04-20,Storey County,0,0,0,0,0,0,0,0,0,0
32029,2020-04-21,Storey County,0,0,0,0,0,0,0,0,0,0
32029,2020-04-22,Storey County,0,0,0,0,0,0,0,0,0,0
32029,2020-04-23,Storey County,0,0,0,0,0,0,0,0,0,0
32029,2020-04-24,Storey County,0,0,0,0,0,0,0,0,0,0
32029,2020-04-25,Storey County,0,0,0,0,0,0,0,0,0,0
32029,2020-04-26,Storey County,0,0,0,0,0,0,0,0,0,0
32029,2020-04-27,Storey County,0,0,0,0,0,0,0,0,0,0
32029,2020-04-28,Storey County,0,0,0,0,0,0,0,0,0,0
32029,2020-04-29,Storey County,0,0,0,0,0,0,0,0,0,0
32029,2020-04-30,Storey County,0,0,0,0,0,0,0,0,0,0
32029,2020-05-03,Storey County,0,0,0,0,0,0,0,0,0,0
32029,2020-05-04,Storey County,0,0,0,0,0,0,0,0,0,0
32029,2020-05-05,Storey County,0,0,0,0,0,0,0,0,0,0
32029,2020-05-06,Storey County,0,0,0,0,0,0,0,0,0,0
32029,2020-05-07,Storey County,0,0,0,0,0,0,0,0,0,0
32029,2020-05-10,Storey County,0,0,0,0,0,0,0,0,0,0
32029,2020-05-12,Storey County,0,0,0,0,0,0,0,0,0,0
32029,2020-05-13,Storey County,0,0,0,0,0,0,0,0,0,0
32029,2020-05-18,Storey County,0,0,0,0,0,0,0,0,0,0
32029,2020-05-20,Storey County,0,0,0,0,0,0,0,0,0,0
32029,2020-05-21,Storey County,0,0,0,0,0,0,0,0,0,0
32029,2020-05-25,Storey County,0,0,0,0,0,0,0,0,0,0
32029,2020-05-26,Storey County,0,0,0,0,0,0,0,0,0,0
32029,2020-05-27,Storey County,0,0,0,0,0,0,0,0,0,0
32029,2020-05-28,Storey County,0,0,0,0,0,0,0,0,0,0
32029,2020-06-10,Storey County,0,0,0,0,0,0,0,0,0,0
32029,2020-06-11,Storey County,0,0,0,0,0,0,0,0,0,0
32029,2020-06-14,Storey County,0,0,0,0,0,0,0,0,0,0
32029,2020-06-17,Storey County,0,0,0,0,0,0,0,0,0,0
32029,2020-06-18,Storey County,0,0,0,0,0,0,0,0,0,0
32029,2020-06-21,Storey County,0,0,0,0,0,0,0,0,0,0
32029,2020-06-22,Storey County,0,0,0,0,0,0,0,0,0,0
32029,2020-06-23,Storey County,0,0,0,0,0,0,0,0,0,0
32029,2020-06-24,Storey County,,,,,,,,,,
32029,2020-06-25,Storey County,0,0,0,0,0,0,0,0,0,0
32029,2020-06-28,Storey County,0,0,0,0,0,0,0,0,0,0
32029,2020-06-29,Storey County,0,0,0,0,0,0,0,0,0,0
32029,2020-06-30,Storey County,0,0,0,0,0,0,0,0,0,0
32031,2020-04-05,Washoe County,828,1240,0,22,35,17,78,140,207,43
32031,2020-04-06,Washoe County,892,1325,0,26,35,19,82,156,202,48
32031,2020-04-07,Washoe County,709,1060,0,16,41,12,57,128,169,51
32031,2020-04-08,Washoe County,723,1255,0,31,127,27,74,156,201,53
32031,2020-04-09,Washoe County,876,1447,0,40,59,19,81,156,201,51
32031,2020-04-10,Washoe County,843,1255,0,20,59,22,66,148,174,51
32031,2020-04-11,Washoe County,771,1381,0,33,59,24,86,162,189,50
32031,2020-04-12,Washoe County,769,1406,0,31,59,19,82,162,192,42
32031,2020-04-13,Washoe County,813,1497,0,21,59,17,70,162,192,44
32031,2020-04-14,Washoe County,821,1381,62,29,31,20,79,162,196,48
32031,2020-04-15,Washoe County,795,1497,62,21,58,15,78,162,196,52
32031,2020-04-16,Washoe County,824,1497,71,25,49,21,80,162,196,57
32031,2020-04-17,Washoe County,844,1497,73,25,56,21,91,162,198,62
32031,2020-04-18,Washoe County,908,1446,106,24,56,15,89,162,196,59
32031,2020-04-19,Washoe County,835,1837,73,19,52,11,91,162,196,51
32031,2020-04-20,Washoe County,870,1334,73,23,24,14,86,162,198,48
32031,2020-04-21,Washoe County,839,1406,72,24,44,18,88,162,198,55
32031,2020-04-22,Washoe County,871,1310,73,20,21,17,87,162,190,52
32031,2020-04-23,Washoe County,762,1259,38,18,16,17,82,162,198,40
32031,2020-04-24,Washoe County,874,1329,70,16,17,15,81,162,198,43
32031,2020-04-25,Washoe County,851,1330,70,23,23,16,83,162,196,44
32031,2020-04-26,Washoe County,869,1330,65,16,26,12,80,162,194,45
32031,2020-04-27,Washoe County,788,1261,64,14,27,12,73,162,198,41
32031,2020-04-28,Washoe County,848,1290,65,16,22,13,73,162,198,36
32031,2020-04-29,Washoe County,886,1330,65,17,25,14,79,162,198,42
32031,2020-04-30,Washoe County,849,1332,69,14,11,10,80,162,198,43
32031,2020-05-03,Washoe County,864,1370,77,15,18,9,107,200,205,34
32031,2020-05-04,Washoe County,848,1364,79,14,20,18,79,185,198,44
32031,2020-05-05,Washoe County,903,1373,78,18,24,8,85,223,198,34
32031,2020-05-06,Washoe County,915,1373,63,21,36,6,79,223,198,40
32031,2020-05-07,Washoe County,829,1364,43,20,31,5,86,223,196,26
32031,2020-05-10,Washoe County,859,1313,41,21,40,9,69,223,198,20
32031,2020-05-12,Washoe County,862,1373,44,19,36,7,96,207,184,29
32031,2020-05-13,Washoe County,967,1373,43,18,26,11,100,223,197,41
32031,2020-05-18,Washoe County,993,1373,51,17,31,4,105,218,197,31
32031,2020-05-20,Washoe County,1010,1352,56,24,27,5,113,218,190,29
32031,2020-05-21,Washoe County,980,1352,55,23,30,6,116,218,190,29
32031,2020-05-25,Washoe County,992,1373,54,12,24,5,104,218,198,24
32031,2020-05-26,Washoe County,1014,1373,50,15,28,4,108,218,198,25
32031,2020-05-27,Washoe County,997,1313,53,19,25,4,112,218,198,24
32031,2020-05-28,Washoe County,1022,1373,53,17,25,3,118,218,198,26
32031,2020-06-10,Washoe County,1091,1365,55,11,24,4,88,218,197,31
32031,2020-06-11,Washoe County,1104,1413,55,15,21,6,98,219,197,35
32031,2020-06-14,Washoe County,1079,1365,52,10,21,6,85,219,197,32
32031,2020-06-17,Washoe County,1109,1360,47,16,16,7,104,199,197,35
32031,2020-06-18,Washoe County,1098,1300,51,12,17,6,109,219,197,33
32031,2020-06-21,Washoe County,872,1365,43,10,6,5,68,185,166,26
32031,2020-06-22,Washoe County,819,1300,43,10,8,8,86,185,159,22
32031,2020-06-23,Washoe County,1097,1344,45,15,26,5,112,219,190,35
32031,2020-06-24,Washoe County,,,,,,,,,,
32031,2020-06-25,Washoe County,1093,1300,50,24,29,6,120,219,190,32
32031,2020-06-28,Washoe County,981,1300,63,22,18,7,93,219,198,39
32031,2020-06-29,Washoe County,1068,1360,69,25,22,7,106,219,198,40
32031,2020-06-30,Washoe County,1091,1360,80,27,19,9,111,219,192,40
32033,2020-04-05,White Pine County,7,25,0,0,7,0,0,2,5,0
32033,2020-04-06,White Pine County,7,25,0,0,2,0,0,2,5,0
32033,2020-04-07,White Pine County,9,25,0,1,2,0,1,2,5,0
32033,2020-04-08,White Pine County,9,25,0,0,2,0,0,2,5,0
32033,2020-04-09,White Pine County,4,25,0,0,2,0,0,2,5,0
32033,2020-04-10,White Pine County,4,25,0,0,2,0,0,2,5,0
32033,2020-04-11,White Pine County,2,25,0,0,2,0,0,2,5,0
32033,2020-04-12,White Pine County,1,25,0,0,2,0,0,2,5,0
32033,2020-04-13,White Pine County,1,25,0,0,2,0,0,2,5,0
32033,2020-04-14,White Pine County,0,0,0,0,0,0,0,0,0,0
32033,2020-04-15,White Pine County,2,25,0,0,0,0,0,2,5,0
32033,2020-04-16,White Pine County,6,25,0,0,0,0,0,2,5,0
32033,2020-04-17,White Pine County,7,25,0,0,1,0,0,2,5,0
32033,2020-04-18,White Pine County,6,25,0,0,2,0,0,2,5,0
32033,2020-04-19,White Pine County,5,25,0,0,2,0,1,2,5,0
32033,2020-04-20,White Pine County,6,25,0,0,2,0,0,2,5,0
32033,2020-04-21,White Pine County,7,25,0,0,1,0,0,2,5,0
32033,2020-04-22,White Pine County,5,25,0,0,0,0,0,2,5,0
32033,2020-04-23,White Pine County,5,25,0,0,0,0,0,2,5,0
32033,2020-04-24,White Pine County,6,25,0,0,0,0,0,2,5,0
32033,2020-04-25,White Pine County,3,25,0,0,0,0,0,2,5,0
32033,2020-04-26,White Pine County,2,25,0,0,0,0,0,2,5,0
32033,2020-04-27,White Pine County,2,25,0,0,0,0,1,2,5,0
32033,2020-04-28,White Pine County,1,25,0,0,0,0,1,2,5,0
32033,2020-04-29,White Pine County,3,25,0,0,0,0,1,2,5,0
32033,2020-04-30,White Pine County,4,25,0,0,0,0,1,2,5,0
32033,2020-05-03,White Pine County,3,25,0,0,1,0,0,2,5,0
32033,2020-05-04,White Pine County,3,25,0,0,1,0,0,2,5,0
32033,2020-05-05,White Pine County,3,25,0,0,0,0,0,0,5,0
32033,2020-05-06,White Pine County,4,25,0,0,0,0,0,2,5,0
32033,2020-05-07,White Pine County,2,25,0,0,0,0,0,2,5,0
32033,2020-05-10,White Pine County,2,25,0,0,0,0,0,2,5,0
32033,2020-05-12,White Pine County,5,25,0,0,0,0,0,2,5,0
32033,2020-05-13,White Pine County,7,25,0,0,0,0,0,2,5,0
32033,2020-05-18,White Pine County,3,25,0,0,1,0,0,2,5,0
32033,2020-05-20,White Pine County,5,25,0,0,1,0,0,2,0,0
32033,2020-05-21,White Pine County,7,25,0,0,0,0,0,2,5,0
32033,2020-05-25,White Pine County,3,25,0,0,1,0,0,2,5,0
32033,2020-05-26,White Pine County,8,25,0,0,1,0,0,2,5,0
32033,2020-05-27,White Pine County,8,25,0,1,1,0,1,2,5,0
32033,2020-05-28,White Pine County,7,25,0,1,1,0,1,2,5,0
32033,2020-06-10,White Pine County,11,25,0,0,1,0,1,2,5,0
32033,2020-06-11,White Pine County,0,0,0,0,0,0,0,0,0,0
32033,2020-06-14,White Pine County,0,0,0,0,0,0,0,0,0,0
32033,2020-06-17,White Pine County,0,0,0,0,0,0,0,0,0,0
32033,2020-06-18,White Pine County,0,0,0,0,0,0,0,0,0,0
32033,2020-06-21,White Pine County,6,25,0,0,0,0,0,2,5,0
32033,2020-06-22,White Pine County,10,25,0,0,0,0,0,2,5,0
32033,2020-06-23,White Pine County,5,25,0,0,1,0,0,2,5,0
32033,2020-06-24,White Pine County,,,,,,,,,,
32033,2020-06-25,White Pine County,7,25,0,0,1,0,0,2,5,0
32033,2020-06-28,White Pine County,1,25,0,0,0,0,0,2,5,0
32033,2020-06-29,White Pine County,2,25,0,0,0,0,0,2,5,0
32033,2020-06-30,White Pine County,4,25,0,0,0,0,0,2,5,0
32510,2020-04-05,Carson City,100,164,0,0,0,0,8,24,22,8
32510,2020-04-06,Carson City,84,240,0,3,0,0,15,23,22,7
32510,2020-04-07,Carson City,82,188,0,3,3,1,9,24,22,7
32510,2020-04-08,Carson City,84,188,0,0,43,10,7,24,22,10
32510,2020-04-09,Carson City,93,188,0,0,43,0,13,24,22,0
32510,2020-04-10,Carson City,90,188,0,0,43,0,14,24,22,3
32510,2020-04-11,Carson City,85,188,0,1,43,0,13,24,22,5
32510,2020-04-12,Carson City,102,188,0,0,43,0,12,24,22,3
32510,2020-04-13,Carson City,81,188,0,1,43,0,11,24,22,0
32510,2020-04-14,Carson City,87,188,2,1,8,1,10,24,22,6
32510,2020-04-15,Carson City,96,188,3,1,8,1,11,24,22,5
32510,2020-04-16,Carson City,101,188,4,1,3,1,12,24,22,6
32510,2020-04-17,Carson City,101,188,4,2,5,1,12,24,15,7
32510,2020-04-18,Carson City,99,188,4,2,5,1,3,24,22,5
32510,2020-04-19,Carson City,72,159,4,3,8,1,5,24,15,1
32510,2020-04-20,Carson City,91,188,3,3,10,1,13,24,22,5
32510,2020-04-21,Carson City,109,188,3,2,9,2,16,24,22,8
32510,2020-04-22,Carson City,103,188,3,4,11,3,17,24,22,6
32510,2020-04-23,Carson City,87,188,1,2,6,3,14,24,22,5
32510,2020-04-24,Carson City,85,188,2,4,11,3,17,24,22,5
32510,2020-04-25,Carson City,79,159,2,5,9,4,15,24,15,5
32510,2020-04-26,Carson City,90,188,2,3,11,2,16,24,22,7
32510,2020-04-27,Carson City,75,188,2,4,16,3,20,24,22,7
32510,2020-04-28,Carson City,101,188,2,2,6,3,17,24,22,7
32510,2020-04-29,Carson City,88,159,2,1,7,2,16,24,15,5
32510,2020-04-30,Carson City,105,188,2,2,6,2,16,24,22,5
32510,2020-05-03,Carson City,65,159,3,4,4,1,14,24,15,4
32510,2020-05-04,Carson City,79,188,2,2,3,1,13,24,22,7
32510,2020-05-05,Carson City,89,188,2,3,5,2,13,24,22,7
32510,2020-05-06,Carson City,98,188,2,3,7,2,14,24,22,7
32510,2020-05-07,Carson City,101,188,2,2,8,2,15,24,22,8
32510,2020-05-10,Carson City,94,188,1,2,11,1,11,24,22,4
32510,2020-05-12,Carson City,96,188,1,6,20,1,16,24,22,5
32510,2020-05-13,Carson City,102,188,2,4,14,1,14,24,22,6
32510,2020-05-18,Carson City,91,188,2,1,7,2,14,24,22,6
32510,2020-05-20,Carson City,109,188,2,3,8,2,18,24,22,6
32510,2020-05-21,Carson City,112,188,2,2,11,2,17,24,22,5
32510,2020-05-25,Carson City,99,188,2,0,7,0,10,24,22,5
32510,2020-05-26,Carson City,96,188,1,0,7,0,9,24,22,5
32510,2020-05-27,Carson City,102,188,1,1,7,0,14,24,22,8
32510,2020-05-28,Carson City,78,174,1,3,7,1,23,24,16,10
32510,2020-06-10,Carson City,111,188,3,0,2,0,20,24,22,8
32510,2020-06-11,Carson City,114,188,4,0,2,0,20,24,22,5
32510,2020-06-14,Carson City,106,188,3,1,2,0,16,24,22,7
32510,2020-06-17,Carson City,122,188,2,1,0,0,17,24,22,8
32510,2020-06-18,Carson City,116,188,2,1,1,0,18,24,22,6
32510,2020-06-21,Carson City,80,188,2,1,0,0,17,24,22,8
32510,2020-06-22,Carson City,109,188,2,1,0,0,16,24,22,8
32510,2020-06-23,Carson City,120,188,1,0,2,0,17,24,22,9
32510,2020-06-24,Carson City,,,,,,,,,,
32510,2020-06-25,Carson City,120,188,1,0,1,0,17,24,22,8
32510,2020-06-28,Carson City,107,188,4,0,0,0,17,24,22,6
32510,2020-06-29,Carson City,98,188,2,0,0,0,17,24,22,5
32510,2020-06-30,Carson City,114,188,2,0,1,1,17,24,22,4
